customer_id,customer_name,phone_number,email,city,registration_date
CUST0001,Kiran Patel,9433218196,kiran.patel5@gmail.com,Delhi,2022-08-12
CUST0002,Pallavi Patel,9838637940,pallavi.patel98@yahoo.com,Nagpur,2023-03-09
CUST0003,Bhavna Tiwari,9235116155,bhavna.tiwari78@outlook.com,Indore,2022-02-14
CUST0004,Syed Rao,9618495931,syed.rao6@yahoo.com,Indore,2022-10-24
CUST0005,Suresh Bhat,9164752553,suresh.bhat86@outlook.com,Nagpur,2023-12-01
CUST0006,Deepika Iyer,9832764835,deepika.iyer99@gmail.com,Hyderabad,2022-02-02
CUST0007,Shivam Ali,9413953767,shivam.ali19@outlook.com,Bengaluru,2022-09-10
CUST0008,Rekha Qureshi,9965328710,rekha.qureshi15@yahoo.com,Lucknow,2022-06-13
CUST0009,Sachin Reddy,9669784801,sachin.reddy88@outlook.com,Indore,2023-10-19
CUST0010,Bhavna Rao,9462704828,bhavna.rao14@outlook.com,Bhopal,2023-10-17
CUST0011,Swati Mehta,9528809570,swati.mehta15@outlook.com,Bhopal,2022-11-11
CUST0012,Mohan Singh,9391171822,mohan.singh85@hotmail.com,Kolkata,2022-06-19
CUST0013,Rekha Qureshi,9383465787,rekha.qureshi16@yahoo.com,Hyderabad,2022-03-07
CUST0014,Bhavna Patel,9983930103,bhavna.patel9@gmail.com,Bhopal,2022-12-05
CUST0015,Deepika Shetty,9473829973,deepika.shetty61@hotmail.com,Hyderabad,2022-04-07
CUST0016,Rajesh Qureshi,9566701065,rajesh.qureshi14@yahoo.com,Hyderabad,2022-07-14
CUST0017,Fatima Gupta,9624731781,fatima.gupta7@gmail.com,Delhi,2022-08-31
CUST0018,Neha Ansari,9773602606,neha.ansari34@hotmail.com,Pune,2023-03-10
CUST0019,Yash Mehta,9343098050,yash.mehta7@hotmail.com,Kolkata,2023-06-28
CUST0020,Sanjay Singh,9812191361,sanjay.singh73@yahoo.com,Surat,2023-09-01
CUST0021,Kavya Nair,9699854353,kavya.nair34@hotmail.com,Bengaluru,2023-11-19
CUST0022,Vinay D'Souza,9510799118,vinay.d'souza28@outlook.com,Bengaluru,2022-12-24
CUST0023,Amit Shetty,9542784980,amit.shetty86@outlook.com,Lucknow,2022-04-17
CUST0024,Shreya Mishra,9118244935,shreya.mishra27@outlook.com,Kolkata,2023-05-16
CUST0025,Ashok Singh,9164005242,ashok.singh95@hotmail.com,Kolkata,2023-12-24
CUST0026,Sachin Sharma,9112805982,sachin.sharma56@yahoo.com,Mumbai,2022-11-12
CUST0027,Ajay Kumar,9533158692,ajay.kumar31@yahoo.com,Indore,2022-07-01
CUST0028,Tushar Patel,9256342160,tushar.patel61@yahoo.com,Hyderabad,2023-04-17
CUST0029,Dinesh Pandey,9330365414,dinesh.pandey45@hotmail.com,Lucknow,2023-07-04
CUST0030,Kunal Patel,9142940196,kunal.patel45@outlook.com,Jaipur,2023-09-13
CUST0031,Kiran Khan,9934060883,kiran.khan47@hotmail.com,Delhi,2023-11-12
CUST0032,Kunal Shah,9148465648,kunal.shah17@yahoo.com,Jaipur,2023-11-12
CUST0033,Naveen Pillai,9994680443,naveen.pillai56@outlook.com,Ahmedabad,2023-03-29
CUST0034,Imran Verma,9872148951,imran.verma97@yahoo.com,Lucknow,2022-11-14
CUST0035,Gaurav Chaudhary,9200379176,gaurav.chaudhary81@yahoo.com,Nagpur,2023-12-15
CUST0036,Chandana Nambiar,9632016328,chandana.nambiar60@gmail.com,Kolkata,2022-09-13
CUST0037,Divya D'Souza,9278895798,divya.d'souza55@hotmail.com,Bengaluru,2023-05-02
CUST0038,Fatima Mishra,9348734714,fatima.mishra31@outlook.com,Chennai,2022-11-24
CUST0039,Suresh Gupta,9236231665,suresh.gupta70@hotmail.com,Jaipur,2022-03-05
CUST0040,Harish Ansari,9690967054,harish.ansari97@hotmail.com,Bhopal,2023-03-06
CUST0041,Gaurav Nambiar,9346706562,gaurav.nambiar60@yahoo.com,Surat,2023-07-01
CUST0042,Sneha Ali,9990162720,sneha.ali34@hotmail.com,Chennai,2022-08-05
CUST0043,Syed Shah,9564641708,syed.shah7@outlook.com,Hyderabad,2023-10-28
CUST0044,Amit Kumar,9033092327,amit.kumar86@gmail.com,Surat,2022-08-12
CUST0045,Zara Mishra,9529912419,zara.mishra4@outlook.com,Surat,2023-11-25
CUST0046,Naveen Ali,9319314919,naveen.ali6@outlook.com,Kolkata,2023-03-15
CUST0047,Madhu Reddy,9850671657,madhu.reddy91@yahoo.com,Jaipur,2022-06-30
CUST0048,Manoj Menon,9769453147,manoj.menon32@hotmail.com,Surat,2023-09-17
CUST0049,Naveen Malhotra,9075273545,naveen.malhotra36@outlook.com,Kolkata,2022-01-11
CUST0050,Prakash Nair,9367837770,prakash.nair12@outlook.com,Hyderabad,2023-02-19
CUST0051,Suma Pandey,9957885685,suma.pandey46@hotmail.com,Pune,2022-11-10
CUST0052,Ashok Bhat,9135182337,ashok.bhat36@outlook.com,Delhi,2022-07-18
CUST0053,Sushma Bhat,9524082400,sushma.bhat71@outlook.com,Nagpur,2022-05-10
CUST0054,Yash Joshi,9094777520,yash.joshi33@hotmail.com,Delhi,2022-03-08
CUST0055,Vimala Nambiar,9190229413,vimala.nambiar16@hotmail.com,Surat,2023-09-03
CUST0056,Gaurav Khan,9774964990,gaurav.khan79@gmail.com,Indore,2022-08-01
CUST0057,Nandini Mishra,9123281206,nandini.mishra58@hotmail.com,Pune,2022-02-03
CUST0058,Pallavi Dubey,9471349361,pallavi.dubey70@yahoo.com,Lucknow,2022-06-02
CUST0059,Manoj Mehta,9102499471,manoj.mehta60@outlook.com,Nagpur,2023-02-17
CUST0060,Manoj Nambiar,9719065940,manoj.nambiar12@yahoo.com,Lucknow,2023-08-13
CUST0061,Rahul Tiwari,9902787429,rahul.tiwari56@hotmail.com,Delhi,2023-04-27
CUST0062,Dinesh Ansari,9551256746,dinesh.ansari98@gmail.com,Ahmedabad,2022-04-01
CUST0063,Shivam Mishra,9516808760,shivam.mishra25@outlook.com,Surat,2023-05-26
CUST0064,Imran Singh,9348247710,imran.singh81@yahoo.com,Nagpur,2022-06-12
CUST0065,Preeti Sharma,9861317127,preeti.sharma92@outlook.com,Kolkata,2023-12-24
CUST0066,Manoj Ansari,9773782639,manoj.ansari66@yahoo.com,Bhopal,2022-03-13
CUST0067,Geeta Ansari,9584044997,geeta.ansari20@hotmail.com,Kolkata,2023-05-11
CUST0068,Dinesh Malhotra,9886753396,dinesh.malhotra30@hotmail.com,Mumbai,2022-11-22
CUST0069,Kartik Khan,9627028951,kartik.khan57@gmail.com,Kolkata,2023-04-13
CUST0070,Priya Mehta,9621745961,priya.mehta43@hotmail.com,Chennai,2023-10-04
CUST0071,Yash Kumar,9913431611,yash.kumar57@yahoo.com,Nagpur,2022-11-03
CUST0072,Sneha Kumar,9504556238,sneha.kumar53@yahoo.com,Bengaluru,2022-06-29
CUST0073,Suresh Khan,9937923747,suresh.khan33@gmail.com,Indore,2023-04-22
CUST0074,Ravi Iyer,9175946474,ravi.iyer26@hotmail.com,Bhopal,2023-05-10
CUST0075,Meera Shetty,9695944064,meera.shetty2@gmail.com,Surat,2023-05-24
CUST0076,Ravi Bhat,9953394210,ravi.bhat40@hotmail.com,Mumbai,2023-08-17
CUST0077,Ajay Gupta,9145623285,ajay.gupta68@outlook.com,Bhopal,2022-06-18
CUST0078,Ashok Menon,9451712368,ashok.menon47@gmail.com,Indore,2023-02-09
CUST0079,Priya Mishra,9817549651,priya.mishra87@yahoo.com,Ahmedabad,2022-01-26
CUST0080,Tanvi Bhat,9174612004,tanvi.bhat64@gmail.com,Delhi,2022-08-29
CUST0081,Shreya Khan,9758692617,shreya.khan79@hotmail.com,Pune,2022-02-03
CUST0082,Madhu Verma,9773515850,madhu.verma51@outlook.com,Hyderabad,2022-05-06
CUST0083,Syed Nair,9390053293,syed.nair9@yahoo.com,Surat,2022-08-10
CUST0084,Pallavi Malhotra,9290422842,pallavi.malhotra15@gmail.com,Bengaluru,2022-01-16
CUST0085,Sonam Shetty,9950240268,sonam.shetty15@gmail.com,Ahmedabad,2023-04-05
CUST0086,Ajay Joshi,9783908470,ajay.joshi8@hotmail.com,Bhopal,2023-02-16
CUST0087,Sachin Joshi,9771159212,sachin.joshi36@outlook.com,Jaipur,2023-09-04
CUST0088,Sushma D'Souza,9896118367,sushma.d'souza30@hotmail.com,Chennai,2023-04-10
CUST0089,Vimala Ansari,9156545271,vimala.ansari12@gmail.com,Delhi,2023-03-19
CUST0090,Rajesh Bajaj,9280988516,rajesh.bajaj46@hotmail.com,Bhopal,2022-02-22
CUST0091,Ravi Pandey,9519832731,ravi.pandey45@outlook.com,Delhi,2022-10-13
CUST0092,Gaurav Qureshi,9899809402,gaurav.qureshi35@outlook.com,Chennai,2022-12-26
CUST0093,Arjun Pillai,9296120183,arjun.pillai49@hotmail.com,Ahmedabad,2022-12-16
CUST0094,Sanjay Bajaj,9459910229,sanjay.bajaj7@gmail.com,Pune,2023-03-30
CUST0095,Sachin Nambiar,9976438156,sachin.nambiar15@outlook.com,Lucknow,2023-11-26
CUST0096,Yash Pandey,9036900343,yash.pandey99@yahoo.com,Indore,2022-09-19
CUST0097,Sushma Shah,9107622683,sushma.shah65@outlook.com,Delhi,2023-02-11
CUST0098,Kavya Qureshi,9071596966,kavya.qureshi38@gmail.com,Jaipur,2022-01-22
CUST0099,Tanvi Iyer,9975161369,tanvi.iyer52@gmail.com,Jaipur,2022-11-14
CUST0100,Bhavna Bhat,9521818835,bhavna.bhat45@yahoo.com,Hyderabad,2022-04-16
CUST0101,Aditya Mishra,9329212779,aditya.mishra98@hotmail.com,Lucknow,2023-08-02
CUST0102,Tanvi Shah,9271774490,tanvi.shah46@gmail.com,Pune,2023-04-18
CUST0103,Fatima Kumar,9054119986,fatima.kumar60@gmail.com,Ahmedabad,2023-08-09
CUST0104,Prakash Shah,9978207151,prakash.shah65@yahoo.com,Mumbai,2022-09-11
CUST0105,Imran Fernandez,9889255466,imran.fernandez44@gmail.com,Indore,2023-10-09
CUST0106,Kunal Reddy,9518644925,kunal.reddy11@yahoo.com,Chennai,2022-11-14
CUST0107,Sunil Gupta,9914865281,sunil.gupta83@hotmail.com,Kolkata,2023-01-06
CUST0108,Rahul Bajaj,9423573322,rahul.bajaj10@outlook.com,Bhopal,2022-04-14
CUST0109,Vikram Malhotra,9929622292,vikram.malhotra93@hotmail.com,Mumbai,2023-02-25
CUST0110,Ajay Shetty,9794738347,ajay.shetty25@outlook.com,Lucknow,2023-08-08
CUST0111,Imran D'Souza,9468862392,imran.d'souza33@gmail.com,Lucknow,2023-05-08
CUST0112,Madhu Joshi,9814124782,madhu.joshi56@gmail.com,Hyderabad,2023-04-07
CUST0113,Dinesh Patel,9606853615,dinesh.patel29@gmail.com,Chennai,2022-04-12
CUST0114,Kunal Mehta,9204727790,kunal.mehta11@gmail.com,Pune,2022-08-09
CUST0115,Lakshmi Qureshi,9143410369,lakshmi.qureshi59@gmail.com,Delhi,2023-05-27
CUST0116,Rahul Shetty,9246095396,rahul.shetty24@gmail.com,Kolkata,2023-01-05
CUST0117,Amit Patel,9670654051,amit.patel45@yahoo.com,Nagpur,2023-11-04
CUST0118,Meera Malhotra,9205852772,meera.malhotra18@gmail.com,Nagpur,2023-04-14
CUST0119,Vikram Dubey,9303054868,vikram.dubey61@outlook.com,Mumbai,2023-10-25
CUST0120,Prakash Dubey,9505415667,prakash.dubey50@outlook.com,Bengaluru,2023-05-24
CUST0121,Nisha Bajaj,9841616928,nisha.bajaj38@outlook.com,Delhi,2022-03-23
CUST0122,Tanvi Dubey,9479627570,tanvi.dubey94@outlook.com,Surat,2023-03-22
CUST0123,Geeta Singh,9165820297,geeta.singh5@yahoo.com,Delhi,2022-08-30
CUST0124,Ajay Bajaj,9690927557,ajay.bajaj98@gmail.com,Surat,2022-05-21
CUST0125,Ajay Ali,9543102786,ajay.ali72@gmail.com,Pune,2022-09-24
CUST0126,Fatima Verma,9947312172,fatima.verma92@hotmail.com,Delhi,2023-11-30
CUST0127,Shivam Kapoor,9188442258,shivam.kapoor29@gmail.com,Hyderabad,2022-05-23
CUST0128,Mohan Nambiar,9058957829,mohan.nambiar12@gmail.com,Pune,2023-02-12
CUST0129,Simran Ansari,9691251778,simran.ansari45@yahoo.com,Bhopal,2023-07-19
CUST0130,Riya Gupta,9680182422,riya.gupta42@yahoo.com,Chennai,2023-06-16
CUST0131,Ravi Nair,9438424981,ravi.nair65@yahoo.com,Surat,2023-08-18
CUST0132,Lakshmi Iyer,9995900109,lakshmi.iyer34@yahoo.com,Indore,2023-08-09
CUST0133,Hema Patel,9784473647,hema.patel10@gmail.com,Bengaluru,2023-03-27
CUST0134,Hema Menon,9735925556,hema.menon17@outlook.com,Kolkata,2023-07-30
CUST0135,Meera Shah,9371473210,meera.shah38@hotmail.com,Bhopal,2023-09-23
CUST0136,Hema Shetty,9259532787,hema.shetty64@outlook.com,Ahmedabad,2022-01-24
CUST0137,Anjali Ali,9873395004,anjali.ali64@hotmail.com,Pune,2023-07-04
CUST0138,Priya Joshi,9624565060,priya.joshi73@yahoo.com,Chennai,2023-07-21
CUST0139,Ravi Reddy,9687849912,ravi.reddy13@hotmail.com,Chennai,2022-12-14
CUST0140,Ajay Mehta,9398680002,ajay.mehta92@outlook.com,Indore,2023-05-01
CUST0141,Syed Mehta,9982595269,syed.mehta95@outlook.com,Surat,2022-12-11
CUST0142,Yash Pandey,9705516940,yash.pandey77@hotmail.com,Pune,2023-11-03
CUST0143,Pallavi Singh,9972896230,pallavi.singh74@gmail.com,Hyderabad,2022-01-20
CUST0144,Imran Shah,9626368970,imran.shah91@yahoo.com,Kolkata,2022-08-01
CUST0145,Tanvi Menon,9865278585,tanvi.menon87@outlook.com,Surat,2023-05-11
CUST0146,Prakash Shetty,9484344375,prakash.shetty62@outlook.com,Kolkata,2022-10-08
CUST0147,Ravi Rao,9986652404,ravi.rao92@gmail.com,Chennai,2023-03-29
CUST0148,Ashok Menon,9338484219,ashok.menon95@yahoo.com,Hyderabad,2022-02-21
CUST0149,Gaurav Bhat,9016571208,gaurav.bhat21@hotmail.com,Lucknow,2023-05-03
CUST0150,Simran Chaudhary,9454019380,simran.chaudhary23@hotmail.com,Bhopal,2022-06-30
CUST0151,Vikram Ali,9724004991,vikram.ali43@outlook.com,Ahmedabad,2023-10-19
CUST0152,Nisha Gupta,9874315274,nisha.gupta92@yahoo.com,Mumbai,2022-12-12
CUST0153,Sushma Chaudhary,9296685161,sushma.chaudhary24@yahoo.com,Ahmedabad,2022-11-28
CUST0154,Suma Sharma,9463745499,suma.sharma2@outlook.com,Lucknow,2023-01-04
CUST0155,Mohan Singh,9174268414,mohan.singh48@yahoo.com,Hyderabad,2022-05-17
CUST0156,Simran Mehta,9795687833,simran.mehta88@gmail.com,Kolkata,2023-04-03
CUST0157,Ajay Reddy,9910883982,ajay.reddy22@outlook.com,Bhopal,2023-06-17
CUST0158,Imran Rao,9397187072,imran.rao66@hotmail.com,Ahmedabad,2023-08-01
CUST0159,Pooja D'Souza,9406403910,pooja.d'souza55@outlook.com,Nagpur,2022-03-07
CUST0160,Pooja Reddy,9704622656,pooja.reddy58@hotmail.com,Jaipur,2022-03-24
CUST0161,Shreya Kapoor,9128682300,shreya.kapoor39@hotmail.com,Lucknow,2023-07-12
CUST0162,Sachin Khan,9337524310,sachin.khan85@hotmail.com,Surat,2022-01-17
CUST0163,Mohan Verma,9119079030,mohan.verma52@hotmail.com,Hyderabad,2023-07-07
CUST0164,Nandini Singh,9284395995,nandini.singh31@outlook.com,Bengaluru,2023-11-08
CUST0165,Gaurav Ansari,9440892687,gaurav.ansari7@outlook.com,Lucknow,2023-11-19
CUST0166,Naveen Shah,9662462873,naveen.shah29@outlook.com,Bhopal,2023-12-26
CUST0167,Aditya D'Souza,9086688263,aditya.d'souza33@yahoo.com,Chennai,2023-10-25
CUST0168,Suresh Fernandez,9518304699,suresh.fernandez6@gmail.com,Hyderabad,2023-08-25
CUST0169,Nandini Menon,9354033173,nandini.menon90@yahoo.com,Jaipur,2022-09-03
CUST0170,Tanvi Dubey,9678544587,tanvi.dubey60@gmail.com,Indore,2023-04-26
CUST0171,Shivam Verma,9556093204,shivam.verma71@hotmail.com,Pune,2022-06-06
CUST0172,Swati Malhotra,9369378547,swati.malhotra93@hotmail.com,Ahmedabad,2022-06-22
CUST0173,Sonam Iyer,9287280801,sonam.iyer86@gmail.com,Indore,2022-01-07
CUST0174,Tushar Gupta,9312038750,tushar.gupta80@hotmail.com,Lucknow,2023-05-15
CUST0175,Rahul Sharma,9886008484,rahul.sharma3@hotmail.com,Indore,2022-07-03
CUST0176,Meera Joshi,9823398454,meera.joshi51@gmail.com,Chennai,2023-02-20
CUST0177,Syed Shetty,9341016668,syed.shetty61@gmail.com,Lucknow,2022-01-10
CUST0178,Neha Nair,9765918033,neha.nair89@hotmail.com,Pune,2022-02-17
CUST0179,Deepika Tiwari,9890250392,deepika.tiwari97@hotmail.com,Delhi,2022-11-03
CUST0180,Sanjay Shetty,9968562185,sanjay.shetty7@gmail.com,Jaipur,2022-08-26
CUST0181,Deepika Malhotra,9999650477,deepika.malhotra30@outlook.com,Kolkata,2023-01-20
CUST0182,Jyothi Pillai,9961943114,jyothi.pillai20@hotmail.com,Nagpur,2023-10-12
CUST0183,Lakshmi Khan,9551104754,lakshmi.khan14@yahoo.com,Delhi,2022-07-11
CUST0184,Jyothi Fernandez,9888610158,jyothi.fernandez12@outlook.com,Bhopal,2023-01-30
CUST0185,Priya Dubey,9661839826,priya.dubey22@yahoo.com,Pune,2022-11-05
CUST0186,Manoj Nambiar,9212646471,manoj.nambiar47@outlook.com,Hyderabad,2023-10-03
CUST0187,Nisha Chaudhary,9712406596,nisha.chaudhary43@hotmail.com,Chennai,2023-03-17
CUST0188,Shreya Pandey,9593752654,shreya.pandey95@hotmail.com,Surat,2022-09-06
CUST0189,Tanvi Khan,9465193982,tanvi.khan88@gmail.com,Nagpur,2023-04-18
CUST0190,Harish Fernandez,9416724342,harish.fernandez92@hotmail.com,Indore,2023-01-22
CUST0191,Deepika Fernandez,9979688680,deepika.fernandez47@gmail.com,Delhi,2022-09-12
CUST0192,Sonam Iyer,9909656101,sonam.iyer34@yahoo.com,Kolkata,2023-06-16
CUST0193,Gaurav Fernandez,9567982507,gaurav.fernandez14@outlook.com,Jaipur,2022-03-29
CUST0194,Kiran Mehta,9545738757,kiran.mehta13@hotmail.com,Nagpur,2023-12-15
CUST0195,Fatima Shah,9140105123,fatima.shah67@yahoo.com,Kolkata,2022-06-13
CUST0196,Kunal Qureshi,9736226609,kunal.qureshi26@hotmail.com,Surat,2023-03-16
CUST0197,Chandana Sharma,9334191825,chandana.sharma42@yahoo.com,Ahmedabad,2022-04-27
CUST0198,Rekha Nambiar,9859696915,rekha.nambiar46@hotmail.com,Surat,2022-06-26
CUST0199,Vinay Nair,9251341252,vinay.nair66@hotmail.com,Jaipur,2023-09-03
CUST0200,Shreya Khan,9627828274,shreya.khan18@yahoo.com,Chennai,2023-04-07
CUST0201,Rohan Kapoor,9072368876,rohan.kapoor88@hotmail.com,Jaipur,2023-12-29
CUST0202,Imran Nambiar,9219034043,imran.nambiar69@outlook.com,Bengaluru,2023-04-14
CUST0203,Nisha Rao,9914858078,nisha.rao28@hotmail.com,Delhi,2023-11-01
CUST0204,Suma Pandey,9074517133,suma.pandey95@outlook.com,Bhopal,2023-12-29
CUST0205,Sachin Iyer,9923309584,sachin.iyer77@yahoo.com,Chennai,2023-12-22
CUST0206,Sushma Dubey,9948126042,sushma.dubey90@yahoo.com,Hyderabad,2022-05-30
CUST0207,Tanvi Shetty,9672946671,tanvi.shetty82@gmail.com,Jaipur,2023-06-12
CUST0208,Geeta Bajaj,9775901751,geeta.bajaj69@hotmail.com,Hyderabad,2023-03-16
CUST0209,Nandini Nambiar,9454589297,nandini.nambiar44@gmail.com,Mumbai,2022-04-12
CUST0210,Syed Patel,9127706324,syed.patel21@outlook.com,Delhi,2023-11-02
CUST0211,Ajay Mishra,9152064361,ajay.mishra91@gmail.com,Mumbai,2022-08-07
CUST0212,Simran Reddy,9293870051,simran.reddy55@yahoo.com,Ahmedabad,2022-03-14
CUST0213,Pallavi Khan,9111554262,pallavi.khan83@yahoo.com,Delhi,2023-06-28
CUST0214,Priya Iyer,9753269731,priya.iyer13@yahoo.com,Indore,2022-05-07
CUST0215,Chandana Kapoor,9652341389,chandana.kapoor77@outlook.com,Indore,2023-12-09
CUST0216,Sneha Pandey,9389836403,sneha.pandey64@hotmail.com,Delhi,2022-09-04
CUST0217,Nisha Reddy,9805526965,nisha.reddy70@yahoo.com,Indore,2023-04-28
CUST0218,Deepika Patel,9910430068,deepika.patel37@hotmail.com,Jaipur,2023-12-20
CUST0219,Vimala Nair,9889241418,vimala.nair27@yahoo.com,Kolkata,2022-12-01
CUST0220,Sunil Reddy,9463031617,sunil.reddy79@gmail.com,Pune,2023-11-14
CUST0221,Vijay Rao,9020275884,vijay.rao22@outlook.com,Bengaluru,2022-10-03
CUST0222,Divya Patel,9564814917,divya.patel59@outlook.com,Mumbai,2023-05-27
CUST0223,Neha Bajaj,9241913800,neha.bajaj2@yahoo.com,Mumbai,2023-04-29
CUST0224,Ajay Khan,9220863536,ajay.khan93@outlook.com,Pune,2022-03-21
CUST0225,Madhu Rao,9802380617,madhu.rao37@outlook.com,Chennai,2022-03-30
CUST0226,Syed Sharma,9534949375,syed.sharma76@hotmail.com,Indore,2022-07-20
CUST0227,Suma Mehta,9060385050,suma.mehta98@hotmail.com,Bhopal,2022-11-11
CUST0228,Meera Verma,9836702410,meera.verma30@hotmail.com,Nagpur,2023-01-17
CUST0229,Syed Nair,9918261990,syed.nair56@yahoo.com,Hyderabad,2022-10-26
CUST0230,Rekha Shah,9655743132,rekha.shah99@gmail.com,Bengaluru,2022-04-19
CUST0231,Neha Fernandez,9756185374,neha.fernandez60@outlook.com,Bhopal,2022-05-03
CUST0232,Anjali Iyer,9490352135,anjali.iyer51@gmail.com,Lucknow,2022-11-03
CUST0233,Rekha Pillai,9067883171,rekha.pillai18@gmail.com,Mumbai,2022-03-05
CUST0234,Gaurav Gupta,9365199410,gaurav.gupta9@yahoo.com,Lucknow,2023-03-31
CUST0235,Nikhil Nair,9510702966,nikhil.nair64@gmail.com,Jaipur,2023-12-01
CUST0236,Sachin Pillai,9532447209,sachin.pillai80@yahoo.com,Lucknow,2022-10-30
CUST0237,Nisha Ansari,9870146263,nisha.ansari83@yahoo.com,Lucknow,2023-07-11
CUST0238,Rahul Khan,9578759856,rahul.khan35@yahoo.com,Mumbai,2022-11-23
CUST0239,Gaurav Patel,9407859321,gaurav.patel32@yahoo.com,Pune,2023-07-01
CUST0240,Pooja Bhat,9965223955,pooja.bhat76@gmail.com,Nagpur,2023-12-19
CUST0241,Sonam Mehta,9937842701,sonam.mehta8@yahoo.com,Surat,2022-08-13
CUST0242,Rahul Menon,9059325250,rahul.menon3@yahoo.com,Surat,2023-12-23
CUST0243,Aditya Rao,9851569154,aditya.rao42@yahoo.com,Bengaluru,2023-03-24
CUST0244,Yash Shah,9289539264,yash.shah94@outlook.com,Bengaluru,2022-07-01
CUST0245,Arjun Ali,9902959391,arjun.ali64@yahoo.com,Chennai,2022-03-21
CUST0246,Mohan Kapoor,9521570433,mohan.kapoor89@gmail.com,Chennai,2022-09-20
CUST0247,Meera Sharma,9067626765,meera.sharma70@hotmail.com,Delhi,2023-05-06
CUST0248,Gaurav Iyer,9710405411,gaurav.iyer44@yahoo.com,Jaipur,2022-06-14
CUST0249,Deepika Nair,9599706296,deepika.nair21@gmail.com,Delhi,2022-12-06
CUST0250,Harish Chaudhary,9688444310,harish.chaudhary51@hotmail.com,Bengaluru,2022-02-25
CUST0251,Ajay Sharma,9614973103,ajay.sharma22@outlook.com,Delhi,2023-04-30
CUST0252,Kiran Pandey,9677418625,kiran.pandey49@outlook.com,Bengaluru,2023-04-02
CUST0253,Kavya Mishra,9774349021,kavya.mishra11@outlook.com,Indore,2023-07-09
CUST0254,Tushar Bhat,9806868793,tushar.bhat61@outlook.com,Delhi,2023-02-09
CUST0255,Vikram Mehta,9172233206,vikram.mehta11@hotmail.com,Hyderabad,2023-10-05
CUST0256,Aditya Mishra,9511686854,aditya.mishra67@hotmail.com,Bhopal,2022-01-13
CUST0257,Hema Rao,9622999119,hema.rao13@outlook.com,Bhopal,2023-07-03
CUST0258,Dinesh Ansari,9467997024,dinesh.ansari52@yahoo.com,Surat,2023-09-16
CUST0259,Vimala Kumar,9653074505,vimala.kumar39@outlook.com,Pune,2023-05-19
CUST0260,Rajesh Bhat,9247546913,rajesh.bhat57@yahoo.com,Bhopal,2023-02-21
CUST0261,Yash Bajaj,9082148628,yash.bajaj73@gmail.com,Bengaluru,2022-07-17
CUST0262,Swati Singh,9307053457,swati.singh65@hotmail.com,Lucknow,2022-05-07
CUST0263,Sneha Shetty,9579727985,sneha.shetty45@yahoo.com,Bhopal,2022-09-22
CUST0264,Anjali Dubey,9060293333,anjali.dubey35@hotmail.com,Kolkata,2022-01-21
CUST0265,Priya Menon,9229034944,priya.menon55@hotmail.com,Bhopal,2022-12-24
CUST0266,Syed Mishra,9374896910,syed.mishra66@outlook.com,Kolkata,2023-10-25
CUST0267,Ravi Pandey,9171545444,ravi.pandey25@yahoo.com,Kolkata,2022-09-04
CUST0268,Pooja Ali,9520744666,pooja.ali95@gmail.com,Surat,2023-12-27
CUST0269,Prakash Malhotra,9387584282,prakash.malhotra38@gmail.com,Ahmedabad,2022-05-12
CUST0270,Rekha Pillai,9513534655,rekha.pillai34@outlook.com,Ahmedabad,2022-05-01
CUST0271,Kartik Singh,9999173816,kartik.singh68@outlook.com,Jaipur,2022-02-25
CUST0272,Lakshmi Gupta,9356972521,lakshmi.gupta63@outlook.com,Lucknow,2022-07-01
CUST0273,Shivam Singh,9074329271,shivam.singh17@hotmail.com,Lucknow,2023-03-16
CUST0274,Vimala Qureshi,9760083505,vimala.qureshi97@yahoo.com,Mumbai,2023-11-24
CUST0275,Arjun Shetty,9354216894,arjun.shetty22@gmail.com,Bhopal,2022-02-16
CUST0276,Vinay Dubey,9789856257,vinay.dubey46@yahoo.com,Bengaluru,2023-02-18
CUST0277,Rahul Bhat,9323098215,rahul.bhat92@gmail.com,Jaipur,2023-10-18
CUST0278,Ashok Singh,9901001676,ashok.singh16@outlook.com,Ahmedabad,2023-12-20
CUST0279,Lakshmi Verma,9046184992,lakshmi.verma54@gmail.com,Kolkata,2023-09-25
CUST0280,Divya Dubey,9117393483,divya.dubey46@hotmail.com,Pune,2022-06-14
CUST0281,Kavya Nambiar,9375300119,kavya.nambiar86@hotmail.com,Bengaluru,2022-04-03
CUST0282,Deepika Joshi,9437447012,deepika.joshi6@outlook.com,Chennai,2023-11-25
CUST0283,Shivam Qureshi,9110022557,shivam.qureshi80@outlook.com,Nagpur,2022-04-06
CUST0284,Madhu Malhotra,9216674676,madhu.malhotra84@yahoo.com,Delhi,2022-05-16
CUST0285,Pooja Iyer,9169797296,pooja.iyer46@gmail.com,Bhopal,2023-12-02
CUST0286,Nikhil Menon,9716701450,nikhil.menon91@yahoo.com,Lucknow,2022-12-13
CUST0287,Rajesh Qureshi,9375628900,rajesh.qureshi83@yahoo.com,Kolkata,2023-04-26
CUST0288,Nisha Iyer,9175354083,nisha.iyer71@hotmail.com,Jaipur,2022-08-29
CUST0289,Suresh D'Souza,9797177517,suresh.d'souza96@gmail.com,Delhi,2023-02-18
CUST0290,Tushar Kumar,9880199488,tushar.kumar27@hotmail.com,Chennai,2023-01-08
CUST0291,Rohan Bhat,9758997571,rohan.bhat13@yahoo.com,Mumbai,2022-12-16
CUST0292,Sonam Dubey,9885102726,sonam.dubey14@outlook.com,Surat,2022-07-20
CUST0293,Prakash Rao,9637351609,prakash.rao16@hotmail.com,Ahmedabad,2023-11-06
CUST0294,Shreya Nambiar,9080869782,shreya.nambiar89@yahoo.com,Nagpur,2022-05-12
CUST0295,Meera Khan,9995866934,meera.khan51@outlook.com,Pune,2023-04-09
CUST0296,Shreya Gupta,9698485833,shreya.gupta27@outlook.com,Lucknow,2022-12-20
CUST0297,Nikhil Pillai,9885158799,nikhil.pillai86@hotmail.com,Lucknow,2023-07-01
CUST0298,Ravi Qureshi,9081062003,ravi.qureshi35@yahoo.com,Pune,2023-12-01
CUST0299,Ashok Mehta,9043805719,ashok.mehta87@yahoo.com,Nagpur,2023-10-25
CUST0300,Chandana Shetty,9840666580,chandana.shetty2@outlook.com,Hyderabad,2023-09-28
